{"cameraMode":{"drawMode":0,"name":"Shaded","section":"Shading Mode"},"sceneLighting":false,"audioPlay":false,"sceneViewState":{"showFog":true,"showMaterialUpdate":false,"showSkybox":false,"showFlares":true,"showImageEffects":true,"showParticleSystems":true},"in2DMode":false,"pivot":{"x":-0.002756565809249878,"y":0.2284037470817566,"z":-0.02348610758781433},"rotation":{"x":0.10424403846263886,"y":0.6388168931007385,"z":-0.08794329315423966,"w":0.7571839094161987},"size":2.4586141109466554,"orthographic":false}