{"cameraMode":{"drawMode":0,"name":"Shaded","section":"Shading Mode"},"sceneLighting":false,"audioPlay":false,"sceneViewState":{"showFog":true,"showMaterialUpdate":false,"showSkybox":false,"showFlares":true,"showImageEffects":true,"showParticleSystems":true},"in2DMode":false,"pivot":{"x":-42.04724884033203,"y":5.600525379180908,"z":21.975627899169923},"rotation":{"x":-0.025500599294900895,"y":-0.9702812433242798,"z":0.21016307175159455,"w":-0.11755676567554474},"size":21.59581756591797,"orthographic":false}