{"cameraMode":{"drawMode":0,"name":"Shaded","section":"Shading Mode"},"sceneLighting":false,"audioPlay":false,"sceneViewState":{"showFog":true,"showMaterialUpdate":false,"showSkybox":false,"showFlares":true,"showImageEffects":true,"showParticleSystems":true},"in2DMode":false,"pivot":{"x":-39.92072296142578,"y":0.5377087593078613,"z":18.51378059387207},"rotation":{"x":0.017679158598184587,"y":-0.980391263961792,"z":0.16658887267112733,"w":0.1042410135269165},"size":9.88962173461914,"orthographic":false}