{"cameraMode":{"drawMode":0,"name":"Shaded","section":"Shading Mode"},"sceneLighting":false,"audioPlay":false,"sceneViewState":{"showFog":true,"showMaterialUpdate":false,"showSkybox":false,"showFlares":true,"showImageEffects":true,"showParticleSystems":true},"in2DMode":false,"pivot":{"x":-44.923221588134769,"y":4.48486852645874,"z":3.303368091583252},"rotation":{"x":0.017679158598184587,"y":-0.980391263961792,"z":0.16658887267112733,"w":0.1042410135269165},"size":17.148162841796876,"orthographic":false}