{"cameraMode":{"drawMode":0,"name":"Shaded","section":"Shading Mode"},"sceneLighting":false,"audioPlay":false,"sceneViewState":{"showFog":true,"showMaterialUpdate":false,"showSkybox":false,"showFlares":true,"showImageEffects":true,"showParticleSystems":true},"in2DMode":false,"pivot":{"x":-0.9586532115936279,"y":-0.22117972373962403,"z":14.458353042602539},"rotation":{"x":0.10959470272064209,"y":-0.006517009809613228,"z":0.0007734771934337914,"w":0.9940207600593567},"size":17.424938201904298,"orthographic":false}