{"cameraMode":{"drawMode":0,"name":"Shaded","section":"Shading Mode"},"sceneLighting":false,"audioPlay":false,"sceneViewState":{"showFog":true,"showMaterialUpdate":false,"showSkybox":false,"showFlares":true,"showImageEffects":true,"showParticleSystems":true},"in2DMode":false,"pivot":{"x":-47.03079605102539,"y":5.658942699432373,"z":23.703927993774415},"rotation":{"x":-0.025500599294900895,"y":-0.9702812433242798,"z":0.21016307175159455,"w":-0.11755676567554474},"size":24.34841537475586,"orthographic":false}