{"cameraMode":{"drawMode":0,"name":"Shaded","section":"Shading Mode"},"sceneLighting":false,"audioPlay":false,"sceneViewState":{"showFog":true,"showMaterialUpdate":false,"showSkybox":false,"showFlares":true,"showImageEffects":true,"showParticleSystems":true},"in2DMode":false,"pivot":{"x":-20.827486038208009,"y":2.530717372894287,"z":-2.1088502407073976},"rotation":{"x":0.017679158598184587,"y":-0.980391263961792,"z":0.16658887267112733,"w":0.1042410135269165},"size":16.576141357421876,"orthographic":false}