{"cameraMode":{"drawMode":0,"name":"Shaded","section":"Shading Mode"},"sceneLighting":false,"audioPlay":false,"sceneViewState":{"showFog":true,"showMaterialUpdate":false,"showSkybox":false,"showFlares":true,"showImageEffects":true,"showParticleSystems":true},"in2DMode":false,"pivot":{"x":-32.83415222167969,"y":3.9393811225891115,"z":-3.178936004638672},"rotation":{"x":0.017679158598184587,"y":-0.980391263961792,"z":0.16658887267112733,"w":0.1042410135269165},"size":22.714649200439454,"orthographic":false}