{"cameraMode":{"drawMode":0,"name":"Shaded","section":"Shading Mode"},"sceneLighting":false,"audioPlay":false,"sceneViewState":{"showFog":true,"showMaterialUpdate":false,"showSkybox":false,"showFlares":true,"showImageEffects":true,"showParticleSystems":true},"in2DMode":false,"pivot":{"x":-8.84366512298584,"y":3.005307197570801,"z":-9.187040328979493},"rotation":{"x":0.18775466084480287,"y":-0.8113890290260315,"z":0.36235764622688296,"w":0.4188251793384552},"size":21.094266891479493,"orthographic":false}