{"cameraMode":{"drawMode":0,"name":"Shaded","section":"Shading Mode"},"sceneLighting":false,"audioPlay":false,"sceneViewState":{"showFog":true,"showMaterialUpdate":false,"showSkybox":false,"showFlares":true,"showImageEffects":true,"showParticleSystems":true},"in2DMode":false,"pivot":{"x":-27.798583984375,"y":1.065571665763855,"z":1.391992449760437},"rotation":{"x":-0.025500599294900895,"y":-0.9702812433242798,"z":0.21016307175159455,"w":-0.11755676567554474},"size":4.7960100173950199,"orthographic":false}