{"cameraMode":{"drawMode":0,"name":"Shaded","section":"Shading Mode"},"sceneLighting":false,"audioPlay":false,"sceneViewState":{"showFog":true,"showMaterialUpdate":false,"showSkybox":false,"showFlares":true,"showImageEffects":true,"showParticleSystems":true},"in2DMode":false,"pivot":{"x":-0.008970871567726136,"y":0.5379695892333984,"z":0.01594981551170349},"rotation":{"x":0.14818060398101808,"y":0.03262418508529663,"z":-0.0048908148892223839,"w":0.9884127974510193},"size":2.364071846008301,"orthographic":false}