{"cameraMode":{"drawMode":0,"name":"Shaded","section":"Shading Mode"},"sceneLighting":false,"audioPlay":false,"sceneViewState":{"showFog":true,"showMaterialUpdate":false,"showSkybox":false,"showFlares":true,"showImageEffects":true,"showParticleSystems":true},"in2DMode":false,"pivot":{"x":0.4455474019050598,"y":0.3709239363670349,"z":0.41741859912872317},"rotation":{"x":-0.19283796846866609,"y":0.2321154922246933,"z":-0.047005217522382739,"w":-0.9522277116775513},"size":1.5000572204589844,"orthographic":false}