{"cameraMode":{"drawMode":0,"name":"Shaded","section":"Shading Mode"},"sceneLighting":false,"audioPlay":false,"sceneViewState":{"showFog":true,"showMaterialUpdate":false,"showSkybox":false,"showFlares":true,"showImageEffects":true,"showParticleSystems":true},"in2DMode":false,"pivot":{"x":6.279327392578125,"y":0.22999972105026246,"z":4.9437150955200199},"rotation":{"x":-0.14080733060836793,"y":0.021380305290222169,"z":-0.003041845513507724,"w":-0.9898046851158142},"size":2.115766763687134,"orthographic":false}